Material_ID,Cp1_residual,Cp2_residual
1,-2153.998399999924,746.5108999999939
2,-2153.998399999924,746.5108999999939
3,-2153.998399999924,746.5108999999939
4,-2153.998399999924,746.5108999999939
5,-2153.998399999924,746.5108999999939
6,-2153.998399999924,746.5108999999939
7,-2153.998399999924,746.5108999999939
8,-2153.998399999924,746.5108999999939
9,-2153.998399999924,746.5108999999939
10,-2153.998399999924,746.5108999999939
11,135.20299999989948,288.77449999999953
12,135.20299999989948,288.77449999999953
13,135.20299999989948,288.77449999999953
14,135.20299999989948,288.77449999999953
15,135.20299999989948,288.77449999999953
16,135.20299999989948,288.77449999999953
17,135.20299999989948,288.77449999999953
18,135.20299999989948,288.77449999999953
19,135.20299999989948,288.77449999999953
20,135.20299999989948,288.77449999999953
21,239.66649999994843,-4944.441099999996
22,239.66649999994843,-4944.441099999996
23,239.66649999994843,-4944.441099999996
24,239.66649999994843,-4944.441099999996
25,239.66649999994843,-4944.441099999996
26,239.66649999994843,-4944.441099999996
27,239.66649999994843,-4944.441099999996
28,239.66649999994843,-4944.441099999996
29,239.66649999994843,-4944.441099999996
30,239.66649999994843,-4944.441099999996
31,-275.9532999999137,4458.554900000017
32,-275.9532999999137,4458.554900000017
33,-275.9532999999137,4458.554900000017
34,-275.9532999999137,4458.554900000017
35,-275.9532999999137,4458.554900000017
36,-275.9532999999137,4458.554900000017
37,-275.9532999999137,4458.554900000017
38,-275.9532999999137,4458.554900000017
39,-275.9532999999137,4458.554900000017
40,-275.9532999999137,4458.554900000017
41,1945.4937000000718,9304.867399999916
42,1945.4937000000718,9304.867399999916
43,1945.4937000000718,9304.867399999916
44,1945.4937000000718,9304.867399999916
45,1945.4937000000718,9304.867399999916
46,1945.4937000000718,9304.867399999916
47,1945.4937000000718,9304.867399999916
48,1945.4937000000718,9304.867399999916
49,1945.4937000000718,9304.867399999916
50,1945.4937000000718,9304.867399999916
51,-4780.2703999999285,-15792.990500000014
52,-4780.2703999999285,-15792.990500000014
53,-4780.2703999999285,-15792.990500000014
54,-4780.2703999999285,-15792.990500000014
55,-4780.2703999999285,-15792.990500000014
56,-4780.2703999999285,-15792.990500000014
57,-4780.2703999999285,-15792.990500000014
58,-4780.2703999999285,-15792.990500000014
59,-4780.2703999999285,-15792.990500000014
60,-4780.2703999999285,-15792.990500000014
61,4710.3945999999705,13142.79550000008
62,4710.3945999999705,13142.79550000008
63,4710.3945999999705,13142.79550000008
64,4710.3945999999705,13142.79550000008
65,4710.3945999999705,13142.79550000008
66,4710.3945999999705,13142.79550000008
67,4710.3945999999705,13142.79550000008
68,4710.3945999999705,13142.79550000008
69,4710.3945999999705,13142.79550000008
70,4710.3945999999705,13142.79550000008
71,6096.868800000026,29827.470299999994
72,6096.868800000026,29827.470299999994
73,6096.868800000026,29827.470299999994
74,6096.868800000026,29827.470299999994
75,6096.868800000026,29827.470299999994
76,6096.868800000026,29827.470299999994
77,6096.868800000026,29827.470299999994
78,6096.868800000026,29827.470299999994
79,6096.868800000026,29827.470299999994
80,6096.868800000026,29827.470299999994
81,1488.0476999999955,8959.44769999996
82,1488.0476999999955,8959.44769999996
83,1488.0476999999955,8959.44769999996
84,1488.0476999999955,8959.44769999996
85,1488.0476999999955,8959.44769999996
86,1488.0476999999955,8959.44769999996
87,1488.0476999999955,8959.44769999996
88,1488.0476999999955,8959.44769999996
89,1488.0476999999955,8959.44769999996
90,1488.0476999999955,8959.44769999996
91,3431.004100000042,2838.0928999999887
92,3431.004100000042,2838.0928999999887
93,3431.004100000042,2838.0928999999887
94,3431.004100000042,2838.0928999999887
95,3431.004100000042,2838.0928999999887
96,3431.004100000042,2838.0928999999887
97,3431.004100000042,2838.0928999999887
98,3431.004100000042,2838.0928999999887
99,3431.004100000042,2838.0928999999887
100,3431.004100000042,2838.0928999999887
101,-4720.230100000015,-3336.093799999988
102,-4720.230100000015,-3336.093799999988
103,-4720.230100000015,-3336.093799999988
104,-4720.230100000015,-3336.093799999988
105,-4720.230100000015,-3336.093799999988
106,-4720.230100000015,-3336.093799999988
107,-4720.230100000015,-3336.093799999988
108,-4720.230100000015,-3336.093799999988
109,-4720.230100000015,-3336.093799999988
110,-4720.230100000015,-3336.093799999988
111,-5851.432399999932,-7574.65499999997
112,-5851.432399999932,-7574.65499999997
113,-5851.432399999932,-7574.65499999997
114,-5851.432399999932,-7574.65499999997
115,-5851.432399999932,-7574.65499999997
116,-5851.432399999932,-7574.65499999997
117,-5851.432399999932,-7574.65499999997
118,-5851.432399999932,-7574.65499999997
119,-5851.432399999932,-7574.65499999997
120,-5851.432399999932,-7574.65499999997
121,307.0498999998672,-9504.859499999991
122,307.0498999998672,-9504.859499999991
123,307.0498999998672,-9504.859499999991
124,307.0498999998672,-9504.859499999991
125,307.0498999998672,-9504.859499999991
126,307.0498999998672,-9504.859499999991
127,307.0498999998672,-9504.859499999991
128,307.0498999998672,-9504.859499999991
129,307.0498999998672,-9504.859499999991
130,307.0498999998672,-9504.859499999991
131,-1120.2718000000605,-7039.785799999983
132,-1120.2718000000605,-7039.785799999983
133,-1120.2718000000605,-7039.785799999983
134,-1120.2718000000605,-7039.785799999983
135,-1120.2718000000605,-7039.785799999983
136,-1120.2718000000605,-7039.785799999983
137,-1120.2718000000605,-7039.785799999983
138,-1120.2718000000605,-7039.785799999983
139,-1120.2718000000605,-7039.785799999983
140,-1120.2718000000605,-7039.785799999983
141,-3245.7643999999273,-5291.147899999982
142,-3245.7643999999273,-5291.147899999982
143,-3245.7643999999273,-5291.147899999982
144,-3245.7643999999273,-5291.147899999982
145,-3245.7643999999273,-5291.147899999982
146,-3245.7643999999273,-5291.147899999982
147,-3245.7643999999273,-5291.147899999982
148,-3245.7643999999273,-5291.147899999982
149,-3245.7643999999273,-5291.147899999982
150,-3245.7643999999273,-5291.147899999982
151,-800.7370000000301,-3073.288100000049
152,-800.7370000000301,-3073.288100000049
153,-800.7370000000301,-3073.288100000049
154,-800.7370000000301,-3073.288100000049
155,-800.7370000000301,-3073.288100000049
156,-800.7370000000301,-3073.288100000049
157,-800.7370000000301,-3073.288100000049
158,-800.7370000000301,-3073.288100000049
159,-800.7370000000301,-3073.288100000049
160,-800.7370000000301,-3073.288100000049
161,-898.4289999999819,-1888.7575000001088
162,-898.4289999999819,-1888.7575000001088
163,-898.4289999999819,-1888.7575000001088
164,-898.4289999999819,-1888.7575000001088
165,-898.4289999999819,-1888.7575000001088
166,-898.4289999999819,-1888.7575000001088
167,-898.4289999999819,-1888.7575000001088
168,-898.4289999999819,-1888.7575000001088
169,-898.4289999999819,-1888.7575000001088
170,-898.4289999999819,-1888.7575000001088
171,-604.9033999999301,-1410.0102999999363
172,-604.9033999999301,-1410.0102999999363
173,-604.9033999999301,-1410.0102999999363
174,-604.9033999999301,-1410.0102999999363
175,-604.9033999999301,-1410.0102999999363
176,-604.9033999999301,-1410.0102999999363
177,-604.9033999999301,-1410.0102999999363
178,-604.9033999999301,-1410.0102999999363
179,-604.9033999999301,-1410.0102999999363
180,-604.9033999999301,-1410.0102999999363
181,-732.1443999999829,-3437.1140000000014
182,-732.1443999999829,-3437.1140000000014
183,-732.1443999999829,-3437.1140000000014
184,-732.1443999999829,-3437.1140000000014
185,-732.1443999999829,-3437.1140000000014
186,-732.1443999999829,-3437.1140000000014
187,-732.1443999999829,-3437.1140000000014
188,-732.1443999999829,-3437.1140000000014
189,-732.1443999999829,-3437.1140000000014
190,-732.1443999999829,-3437.1140000000014
191,-981.102199999943,-2799.170800000007
192,-981.102199999943,-2799.170800000007
193,-981.102199999943,-2799.170800000007
194,-981.102199999943,-2799.170800000007
195,-981.102199999943,-2799.170800000007
196,-981.102199999943,-2799.170800000007
197,-981.102199999943,-2799.170800000007
198,-981.102199999943,-2799.170800000007
199,-981.102199999943,-2799.170800000007
200,-981.102199999943,-2799.170800000007
201,-403.86369999989984,-670.8078000001115
202,-403.86369999989984,-670.8078000001115
203,-403.86369999989984,-670.8078000001115
204,-403.86369999989984,-670.8078000001115
1,-403.86369999989984,-670.8078000001115
2,-403.86369999989984,-670.8078000001115
3,-403.86369999989984,-670.8078000001115
4,-403.86369999989984,-670.8078000001115
5,-403.86369999989984,-670.8078000001115
6,-403.86369999989984,-670.8078000001115
7,-843.5683000000281,-1306.1879999999364
8,-843.5683000000281,-1306.1879999999364
9,-843.5683000000281,-1306.1879999999364
10,-843.5683000000281,-1306.1879999999364
11,-843.5683000000281,-1306.1879999999364
12,-843.5683000000281,-1306.1879999999364
13,-843.5683000000281,-1306.1879999999364
14,-843.5683000000281,-1306.1879999999364
15,-843.5683000000281,-1306.1879999999364
16,-843.5683000000281,-1306.1879999999364
17,-336.7728000001007,-898.2177000000374
18,-336.7728000001007,-898.2177000000374
19,-336.7728000001007,-898.2177000000374
20,-336.7728000001007,-898.2177000000374
21,-336.7728000001007,-898.2177000000374
22,-336.7728000001007,-898.2177000000374
23,-336.7728000001007,-898.2177000000374
24,-336.7728000001007,-898.2177000000374
25,-336.7728000001007,-898.2177000000374
26,-336.7728000001007,-898.2177000000374
27,-1577.0531000000774,-4360.143499999991
28,-1577.0531000000774,-4360.143499999991
29,-1577.0531000000774,-4360.143499999991
30,-1577.0531000000774,-4360.143499999991
31,-1577.0531000000774,-4360.143499999991
32,-1577.0531000000774,-4360.143499999991
33,-1577.0531000000774,-4360.143499999991
34,-1577.0531000000774,-4360.143499999991
35,-1577.0531000000774,-4360.143499999991
36,-1577.0531000000774,-4360.143499999991
37,-336.0232000000178,-121.32000000000698
38,-336.0232000000178,-121.32000000000698
39,-336.0232000000178,-121.32000000000698
40,-336.0232000000178,-121.32000000000698
41,-336.0232000000178,-121.32000000000698
42,-336.0232000000178,-121.32000000000698
43,-336.0232000000178,-121.32000000000698
44,-336.0232000000178,-121.32000000000698
45,-336.0232000000178,-121.32000000000698
46,-336.0232000000178,-121.32000000000698
47,-61.31649999994261,-710.2599999999948
48,-61.31649999994261,-710.2599999999948
49,-61.31649999994261,-710.2599999999948
50,-61.31649999994261,-710.2599999999948
51,-61.31649999994261,-710.2599999999948
52,-61.31649999994261,-710.2599999999948
53,-61.31649999994261,-710.2599999999948
54,-61.31649999994261,-710.2599999999948
55,-61.31649999994261,-710.2599999999948
56,-61.31649999994261,-710.2599999999948
57,117.9833000000508,177.61999999999534
58,117.9833000000508,177.61999999999534
59,117.9833000000508,177.61999999999534
60,117.9833000000508,177.61999999999534
61,117.9833000000508,177.61999999999534
62,117.9833000000508,177.61999999999534
63,117.9833000000508,177.61999999999534
64,117.9833000000508,177.61999999999534
65,117.9833000000508,177.61999999999534
66,117.9833000000508,177.61999999999534
67,706.6795999999667,1809.1932000000088
68,706.6795999999667,1809.1932000000088
69,706.6795999999667,1809.1932000000088
70,706.6795999999667,1809.1932000000088
71,706.6795999999667,1809.1932000000088
72,706.6795999999667,1809.1932000000088
73,706.6795999999667,1809.1932000000088
74,706.6795999999667,1809.1932000000088
75,706.6795999999667,1809.1932000000088
76,706.6795999999667,1809.1932000000088
77,435.8540999999386,175.00740000000224
78,435.8540999999386,175.00740000000224
79,435.8540999999386,175.00740000000224
80,435.8540999999386,175.00740000000224
81,435.8540999999386,175.00740000000224
82,435.8540999999386,175.00740000000224
83,435.8540999999386,175.00740000000224
84,435.8540999999386,175.00740000000224
85,435.8540999999386,175.00740000000224
86,435.8540999999386,175.00740000000224
87,181.4562999999107,2563.355500000034
88,181.4562999999107,2563.355500000034
89,181.4562999999107,2563.355500000034
90,181.4562999999107,2563.355500000034
91,181.4562999999107,2563.355500000034
92,181.4562999999107,2563.355500000034
93,181.4562999999107,2563.355500000034
94,181.4562999999107,2563.355500000034
95,181.4562999999107,2563.355500000034
96,181.4562999999107,2563.355500000034
97,899.682399999976,1141.2646999999852
98,899.682399999976,1141.2646999999852
99,899.682399999976,1141.2646999999852
100,899.682399999976,1141.2646999999852
101,899.682399999976,1141.2646999999852
102,899.682399999976,1141.2646999999852
103,899.682399999976,1141.2646999999852
104,899.682399999976,1141.2646999999852
105,899.682399999976,1141.2646999999852
106,899.682399999976,1141.2646999999852
107,-1966.7353999999032,-4551.970000000001
108,-1966.7353999999032,-4551.970000000001
109,-1966.7353999999032,-4551.970000000001
110,-1966.7353999999032,-4551.970000000001
111,-1966.7353999999032,-4551.970000000001
112,-1966.7353999999032,-4551.970000000001
113,-1966.7353999999032,-4551.970000000001
114,-1966.7353999999032,-4551.970000000001
115,-1966.7353999999032,-4551.970000000001
116,-1966.7353999999032,-4551.970000000001
117,-336.0232000000178,-121.32000000000698
118,-336.0232000000178,-121.32000000000698
119,-336.0232000000178,-121.32000000000698
120,-336.0232000000178,-121.32000000000698
121,-336.0232000000178,-121.32000000000698
122,-336.0232000000178,-121.32000000000698
123,-336.0232000000178,-121.32000000000698
124,-336.0232000000178,-121.32000000000698
125,-336.0232000000178,-121.32000000000698
126,-336.0232000000178,-121.32000000000698
127,-61.31649999994261,-710.2599999999948
128,-61.31649999994261,-710.2599999999948
129,-61.31649999994261,-710.2599999999948
130,-61.31649999994261,-710.2599999999948
131,-61.31649999994261,-710.2599999999948
132,-61.31649999994261,-710.2599999999948
133,-61.31649999994261,-710.2599999999948
134,-61.31649999994261,-710.2599999999948
135,-61.31649999994261,-710.2599999999948
136,-61.31649999994261,-710.2599999999948
137,-620.9704000000929,1071.263300000006
138,-620.9704000000929,1071.263300000006
139,-620.9704000000929,1071.263300000006
140,-620.9704000000929,1071.263300000006
141,-620.9704000000929,1071.263300000006
142,-620.9704000000929,1071.263300000006
143,-620.9704000000929,1071.263300000006
144,-620.9704000000929,1071.263300000006
145,-620.9704000000929,1071.263300000006
146,-620.9704000000929,1071.263300000006
147,347.15260000000126,511.9400000000023
148,347.15260000000126,511.9400000000023
149,347.15260000000126,511.9400000000023
150,347.15260000000126,511.9400000000023
151,347.15260000000126,511.9400000000023
152,347.15260000000126,511.9400000000023
153,347.15260000000126,511.9400000000023
154,347.15260000000126,511.9400000000023
155,347.15260000000126,511.9400000000023
156,347.15260000000126,511.9400000000023
157,79.1593000000139,-986.4900000000052
158,79.1593000000139,-986.4900000000052
159,79.1593000000139,-986.4900000000052
160,79.1593000000139,-986.4900000000052
161,79.1593000000139,-986.4900000000052
162,79.1593000000139,-986.4900000000052
163,79.1593000000139,-986.4900000000052
164,79.1593000000139,-986.4900000000052
165,79.1593000000139,-986.4900000000052
166,79.1593000000139,-986.4900000000052
167,31.765500000059546,635.5200000000041
168,31.765500000059546,635.5200000000041
169,31.765500000059546,635.5200000000041
170,31.765500000059546,635.5200000000041
171,31.765500000059546,635.5200000000041
172,31.765500000059546,635.5200000000041
173,31.765500000059546,635.5200000000041
174,31.765500000059546,635.5200000000041
175,31.765500000059546,635.5200000000041
176,31.765500000059546,635.5200000000041
177,156.43440000007104,-1404.300000000003
178,156.43440000007104,-1404.300000000003
179,156.43440000007104,-1404.300000000003
180,156.43440000007104,-1404.300000000003
181,156.43440000007104,-1404.300000000003
182,156.43440000007104,-1404.300000000003
183,156.43440000007104,-1404.300000000003
184,156.43440000007104,-1404.300000000003
185,156.43440000007104,-1404.300000000003
186,156.43440000007104,-1404.300000000003
187,1263.632000000027,2716.98690000004
188,1263.632000000027,2716.98690000004
189,1263.632000000027,2716.98690000004
190,1263.632000000027,2716.98690000004
191,1263.632000000027,2716.98690000004
192,1263.632000000027,2716.98690000004
193,1263.632000000027,2716.98690000004
194,1263.632000000027,2716.98690000004
195,1263.632000000027,2716.98690000004
196,1263.632000000027,2716.98690000004
197,725.1173999999373,2732.4149999999863
198,725.1173999999373,2732.4149999999863
199,725.1173999999373,2732.4149999999863
200,725.1173999999373,2732.4149999999863
201,725.1173999999373,2732.4149999999863
202,725.1173999999373,2732.4149999999863
203,725.1173999999373,2732.4149999999863
204,725.1173999999373,2732.4149999999863
1,725.1173999999373,2732.4149999999863
2,725.1173999999373,2732.4149999999863
3,-712.8018000000375,-2744.7216000000335
4,-712.8018000000375,-2744.7216000000335
5,-712.8018000000375,-2744.7216000000335
6,-712.8018000000375,-2744.7216000000335
7,-712.8018000000375,-2744.7216000000335
8,-712.8018000000375,-2744.7216000000335
9,-712.8018000000375,-2744.7216000000335
10,-712.8018000000375,-2744.7216000000335
11,-712.8018000000375,-2744.7216000000335
12,-712.8018000000375,-2744.7216000000335
13,-603.6667000000234,-1711.6467999999586
14,-603.6667000000234,-1711.6467999999586
15,-603.6667000000234,-1711.6467999999586
16,-603.6667000000234,-1711.6467999999586
17,-603.6667000000234,-1711.6467999999586
18,-603.6667000000234,-1711.6467999999586
19,-603.6667000000234,-1711.6467999999586
20,-603.6667000000234,-1711.6467999999586
21,-603.6667000000234,-1711.6467999999586
22,-603.6667000000234,-1711.6467999999586
23,122.08410000000731,-47.36959999996179
24,122.08410000000731,-47.36959999996179
25,122.08410000000731,-47.36959999996179
26,122.08410000000731,-47.36959999996179
27,122.08410000000731,-47.36959999996179
28,122.08410000000731,-47.36959999996179
29,122.08410000000731,-47.36959999996179
30,122.08410000000731,-47.36959999996179
31,122.08410000000731,-47.36959999996179
32,122.08410000000731,-47.36959999996179
33,-68.05780000003142,392.2271999998193
34,-68.05780000003142,392.2271999998193
35,-68.05780000003142,392.2271999998193
36,-68.05780000003142,392.2271999998193
37,-68.05780000003142,392.2271999998193
38,-68.05780000003142,392.2271999998193
39,-68.05780000003142,392.2271999998193
40,-68.05780000003142,392.2271999998193
41,-68.05780000003142,392.2271999998193
42,-68.05780000003142,392.2271999998193
43,202.37310000009893,-1031.1656000000512
44,202.37310000009893,-1031.1656000000512
45,202.37310000009893,-1031.1656000000512
46,202.37310000009893,-1031.1656000000512
47,202.37310000009893,-1031.1656000000512
48,202.37310000009893,-1031.1656000000512
49,202.37310000009893,-1031.1656000000512
50,202.37310000009893,-1031.1656000000512
51,202.37310000009893,-1031.1656000000512
52,202.37310000009893,-1031.1656000000512
53,284.7085000000952,28.121600000042235
54,284.7085000000952,28.121600000042235
55,284.7085000000952,28.121600000042235
56,284.7085000000952,28.121600000042235
57,284.7085000000952,28.121600000042235
58,284.7085000000952,28.121600000042235
59,284.7085000000952,28.121600000042235
60,284.7085000000952,28.121600000042235
61,284.7085000000952,28.121600000042235
62,284.7085000000952,28.121600000042235
63,79.07480000006035,-490.36290000000736
64,79.07480000006035,-490.36290000000736
65,79.07480000006035,-490.36290000000736
66,79.07480000006035,-490.36290000000736
67,79.07480000006035,-490.36290000000736
68,79.07480000006035,-490.36290000000736
69,79.07480000006035,-490.36290000000736
70,79.07480000006035,-490.36290000000736
71,79.07480000006035,-490.36290000000736
72,79.07480000006035,-490.36290000000736
73,275.1766999999527,2499.9467999999906
74,275.1766999999527,2499.9467999999906
75,275.1766999999527,2499.9467999999906
76,275.1766999999527,2499.9467999999906
77,275.1766999999527,2499.9467999999906
78,275.1766999999527,2499.9467999999906
79,275.1766999999527,2499.9467999999906
80,275.1766999999527,2499.9467999999906
81,275.1766999999527,2499.9467999999906
82,275.1766999999527,2499.9467999999906
83,-3438.248799999994,-3408.971299999983
84,-3438.248799999994,-3408.971299999983
85,-3438.248799999994,-3408.971299999983
86,-3438.248799999994,-3408.971299999983
87,-3438.248799999994,-3408.971299999983
88,-3438.248799999994,-3408.971299999983
89,-3438.248799999994,-3408.971299999983
90,-3438.248799999994,-3408.971299999983
91,-3438.248799999994,-3408.971299999983
92,-3438.248799999994,-3408.971299999983
93,-746.8856000000596,-1546.6492000000799
94,-746.8856000000596,-1546.6492000000799
95,-746.8856000000596,-1546.6492000000799
96,-746.8856000000596,-1546.6492000000799
97,-746.8856000000596,-1546.6492000000799
98,-746.8856000000596,-1546.6492000000799
99,-746.8856000000596,-1546.6492000000799
100,-746.8856000000596,-1546.6492000000799
101,-746.8856000000596,-1546.6492000000799
102,-746.8856000000596,-1546.6492000000799
103,146.82619999999588,2252.611400000016
104,146.82619999999588,2252.611400000016
105,146.82619999999588,2252.611400000016
106,146.82619999999588,2252.611400000016
107,146.82619999999588,2252.611400000016
108,146.82619999999588,2252.611400000016
109,146.82619999999588,2252.611400000016
110,146.82619999999588,2252.611400000016
111,146.82619999999588,2252.611400000016
112,146.82619999999588,2252.611400000016
113,-14.90280000000348,1255.767099999961
114,-14.90280000000348,1255.767099999961
115,-14.90280000000348,1255.767099999961
116,-14.90280000000348,1255.767099999961
117,-14.90280000000348,1255.767099999961
118,-14.90280000000348,1255.767099999961
119,-14.90280000000348,1255.767099999961
120,-14.90280000000348,1255.767099999961
121,-14.90280000000348,1255.767099999961
122,-14.90280000000348,1255.767099999961
123,-329.05580000001646,1874.4733999999444
124,-329.05580000001646,1874.4733999999444
125,-329.05580000001646,1874.4733999999444
126,-329.05580000001646,1874.4733999999444
127,-329.05580000001646,1874.4733999999444
128,-329.05580000001646,1874.4733999999444
129,-329.05580000001646,1874.4733999999444
130,-329.05580000001646,1874.4733999999444
131,-329.05580000001646,1874.4733999999444
132,-329.05580000001646,1874.4733999999444
133,536.3338000000367,1393.2951999999786
134,536.3338000000367,1393.2951999999786
135,536.3338000000367,1393.2951999999786
136,536.3338000000367,1393.2951999999786
137,536.3338000000367,1393.2951999999786
138,536.3338000000367,1393.2951999999786
139,536.3338000000367,1393.2951999999786
140,536.3338000000367,1393.2951999999786
141,536.3338000000367,1393.2951999999786
142,536.3338000000367,1393.2951999999786
143,413.8724000000366,54.65050000010524
144,413.8724000000366,54.65050000010524
145,413.8724000000366,54.65050000010524
146,413.8724000000366,54.65050000010524
147,413.8724000000366,54.65050000010524
148,413.8724000000366,54.65050000010524
149,413.8724000000366,54.65050000010524
150,413.8724000000366,54.65050000010524
151,413.8724000000366,54.65050000010524
152,413.8724000000366,54.65050000010524
153,-920.4588999999978,2420.0620999999664
154,-920.4588999999978,2420.0620999999664
155,-920.4588999999978,2420.0620999999664
156,-920.4588999999978,2420.0620999999664
157,-920.4588999999978,2420.0620999999664
158,-920.4588999999978,2420.0620999999664
159,-920.4588999999978,2420.0620999999664
160,-920.4588999999978,2420.0620999999664
161,-920.4588999999978,2420.0620999999664
162,-920.4588999999978,2420.0620999999664
163,466.3692999999985,1031.1887000001007
164,466.3692999999985,1031.1887000001007
165,466.3692999999985,1031.1887000001007
166,466.3692999999985,1031.1887000001007
167,466.3692999999985,1031.1887000001007
168,466.3692999999985,1031.1887000001007
169,466.3692999999985,1031.1887000001007
170,466.3692999999985,1031.1887000001007
171,466.3692999999985,1031.1887000001007
172,466.3692999999985,1031.1887000001007
173,133.25540000005276,2589.3896000000677
174,133.25540000005276,2589.3896000000677
175,133.25540000005276,2589.3896000000677
176,133.25540000005276,2589.3896000000677
177,133.25540000005276,2589.3896000000677
178,133.25540000005276,2589.3896000000677
179,133.25540000005276,2589.3896000000677
180,133.25540000005276,2589.3896000000677
181,133.25540000005276,2589.3896000000677
182,133.25540000005276,2589.3896000000677
183,243.0727000000552,1822.2561000000424
184,243.0727000000552,1822.2561000000424
185,243.0727000000552,1822.2561000000424
186,243.0727000000552,1822.2561000000424
187,243.0727000000552,1822.2561000000424
188,243.0727000000552,1822.2561000000424
189,243.0727000000552,1822.2561000000424
190,243.0727000000552,1822.2561000000424
191,243.0727000000552,1822.2561000000424
192,243.0727000000552,1822.2561000000424
193,-108.86609999998473,599.4809999999707
194,-108.86609999998473,599.4809999999707
195,-108.86609999998473,599.4809999999707
196,-108.86609999998473,599.4809999999707
197,-108.86609999998473,599.4809999999707
198,-108.86609999998473,599.4809999999707
199,-108.86609999998473,599.4809999999707
200,-108.86609999998473,599.4809999999707
201,-108.86609999998473,599.4809999999707
202,-108.86609999998473,599.4809999999707
203,169.72290000000066,3804.3840999999957
204,169.72290000000066,3804.3840999999957
1,169.72290000000066,3804.3840999999957
2,169.72290000000066,3804.3840999999957
3,169.72290000000066,3804.3840999999957
4,169.72290000000066,3804.3840999999957
5,169.72290000000066,3804.3840999999957
6,169.72290000000066,3804.3840999999957
7,169.72290000000066,3804.3840999999957
8,169.72290000000066,3804.3840999999957
9,63.674800000022515,-1819.9612999999954
10,63.674800000022515,-1819.9612999999954
11,63.674800000022515,-1819.9612999999954
12,63.674800000022515,-1819.9612999999954
13,63.674800000022515,-1819.9612999999954
14,63.674800000022515,-1819.9612999999954
15,63.674800000022515,-1819.9612999999954
16,63.674800000022515,-1819.9612999999954
17,63.674800000022515,-1819.9612999999954
18,63.674800000022515,-1819.9612999999954
19,291.39799999996467,-385.95019999999204
20,291.39799999996467,-385.95019999999204
21,291.39799999996467,-385.95019999999204
22,291.39799999996467,-385.95019999999204
23,291.39799999996467,-385.95019999999204
24,291.39799999996467,-385.95019999999204
25,291.39799999996467,-385.95019999999204
26,291.39799999996467,-385.95019999999204
27,291.39799999996467,-385.95019999999204
28,291.39799999996467,-385.95019999999204
29,1407.0661000000546,1345.7356000000145
30,1407.0661000000546,1345.7356000000145
31,1407.0661000000546,1345.7356000000145
32,1407.0661000000546,1345.7356000000145
33,1407.0661000000546,1345.7356000000145
34,1407.0661000000546,1345.7356000000145
35,1407.0661000000546,1345.7356000000145
36,1407.0661000000546,1345.7356000000145
37,1407.0661000000546,1345.7356000000145
38,1407.0661000000546,1345.7356000000145
39,1320.7023999999874,1913.0713999999425
40,1320.7023999999874,1913.0713999999425
41,1320.7023999999874,1913.0713999999425
42,1320.7023999999874,1913.0713999999425
43,1320.7023999999874,1913.0713999999425
44,1320.7023999999874,1913.0713999999425
45,1320.7023999999874,1913.0713999999425
46,1320.7023999999874,1913.0713999999425
47,1320.7023999999874,1913.0713999999425
48,1320.7023999999874,1913.0713999999425
49,4796.4599999999955,2058.7463999999854
50,4796.4599999999955,2058.7463999999854
51,4796.4599999999955,2058.7463999999854
52,4796.4599999999955,2058.7463999999854
53,4796.4599999999955,2058.7463999999854
54,4796.4599999999955,2058.7463999999854
55,4796.4599999999955,2058.7463999999854
56,4796.4599999999955,2058.7463999999854
57,4796.4599999999955,2058.7463999999854
58,4796.4599999999955,2058.7463999999854
59,3512.070199999991,4207.465599999985
60,3512.070199999991,4207.465599999985
61,3512.070199999991,4207.465599999985
62,3512.070199999991,4207.465599999985
63,3512.070199999991,4207.465599999985
64,3512.070199999991,4207.465599999985
65,3512.070199999991,4207.465599999985
66,3512.070199999991,4207.465599999985
67,3512.070199999991,4207.465599999985
68,3512.070199999991,4207.465599999985
69,471.2881000000234,-1448.8200999999535
70,471.2881000000234,-1448.8200999999535
71,471.2881000000234,-1448.8200999999535
72,471.2881000000234,-1448.8200999999535
73,471.2881000000234,-1448.8200999999535
74,471.2881000000234,-1448.8200999999535
75,471.2881000000234,-1448.8200999999535
76,471.2881000000234,-1448.8200999999535
77,471.2881000000234,-1448.8200999999535
78,471.2881000000234,-1448.8200999999535
79,-7030.196300000021,-6624.927500000042
80,-7030.196300000021,-6624.927500000042
81,-7030.196300000021,-6624.927500000042
82,-7030.196300000021,-6624.927500000042
83,-7030.196300000021,-6624.927500000042
84,-7030.196300000021,-6624.927500000042
85,-7030.196300000021,-6624.927500000042
86,-7030.196300000021,-6624.927500000042
87,-7030.196300000021,-6624.927500000042
88,-7030.196300000021,-6624.927500000042
89,375.0874000000149,823.5116000000198
90,375.0874000000149,823.5116000000198
91,375.0874000000149,823.5116000000198
92,375.0874000000149,823.5116000000198
93,375.0874000000149,823.5116000000198
94,375.0874000000149,823.5116000000198
95,375.0874000000149,823.5116000000198
96,375.0874000000149,823.5116000000198
97,375.0874000000149,823.5116000000198
98,375.0874000000149,823.5116000000198
99,-4129.042099999904,-4693.741099999999
100,-4129.042099999904,-4693.741099999999
101,-4129.042099999904,-4693.741099999999
102,-4129.042099999904,-4693.741099999999
103,-4129.042099999904,-4693.741099999999
104,-4129.042099999904,-4693.741099999999
105,-4129.042099999904,-4693.741099999999
106,-4129.042099999904,-4693.741099999999
107,-4129.042099999904,-4693.741099999999
108,-4129.042099999904,-4693.741099999999
109,1219.63260000007,13339.155800000008
110,1219.63260000007,13339.155800000008
111,1219.63260000007,13339.155800000008
112,1219.63260000007,13339.155800000008
113,1219.63260000007,13339.155800000008
114,1219.63260000007,13339.155800000008
115,1219.63260000007,13339.155800000008
116,1219.63260000007,13339.155800000008
117,1219.63260000007,13339.155800000008
118,1219.63260000007,13339.155800000008
119,222.74530000005325,1974.5656000000017
120,222.74530000005325,1974.5656000000017
121,222.74530000005325,1974.5656000000017
122,222.74530000005325,1974.5656000000017
123,222.74530000005325,1974.5656000000017
124,222.74530000005325,1974.5656000000017
125,222.74530000005325,1974.5656000000017
126,222.74530000005325,1974.5656000000017
127,222.74530000005325,1974.5656000000017
128,222.74530000005325,1974.5656000000017
129,144.39720000005036,1070.1567000000505
130,144.39720000005036,1070.1567000000505
131,144.39720000005036,1070.1567000000505
132,144.39720000005036,1070.1567000000505
133,144.39720000005036,1070.1567000000505
134,144.39720000005036,1070.1567000000505
135,144.39720000005036,1070.1567000000505
136,144.39720000005036,1070.1567000000505
137,144.39720000005036,1070.1567000000505
138,144.39720000005036,1070.1567000000505
139,339.5492000000013,1000.1056000000171
140,339.5492000000013,1000.1056000000171
141,339.5492000000013,1000.1056000000171
142,339.5492000000013,1000.1056000000171
143,339.5492000000013,1000.1056000000171
144,339.5492000000013,1000.1056000000171
145,339.5492000000013,1000.1056000000171
146,339.5492000000013,1000.1056000000171
147,339.5492000000013,1000.1056000000171
148,339.5492000000013,1000.1056000000171
149,-2805.9056000000346,-2288.1132000000653
150,-2805.9056000000346,-2288.1132000000653
151,-2805.9056000000346,-2288.1132000000653
152,-2805.9056000000346,-2288.1132000000653
153,-2805.9056000000346,-2288.1132000000653
154,-2805.9056000000346,-2288.1132000000653
155,-2805.9056000000346,-2288.1132000000653
156,-2805.9056000000346,-2288.1132000000653
157,-2805.9056000000346,-2288.1132000000653
158,-2805.9056000000346,-2288.1132000000653
159,122.08410000000731,-47.36959999996179
160,122.08410000000731,-47.36959999996179
161,122.08410000000731,-47.36959999996179
162,122.08410000000731,-47.36959999996179
163,122.08410000000731,-47.36959999996179
164,122.08410000000731,-47.36959999996179
165,122.08410000000731,-47.36959999996179
166,122.08410000000731,-47.36959999996179
167,122.08410000000731,-47.36959999996179
168,122.08410000000731,-47.36959999996179
169,-68.05780000003142,392.2271999998193
170,-68.05780000003142,392.2271999998193
171,-68.05780000003142,392.2271999998193
172,-68.05780000003142,392.2271999998193
173,-68.05780000003142,392.2271999998193
174,-68.05780000003142,392.2271999998193
175,-68.05780000003142,392.2271999998193
176,-68.05780000003142,392.2271999998193
177,-68.05780000003142,392.2271999998193
178,-68.05780000003142,392.2271999998193
179,-284.0535000000018,-379.7012999999861
180,-284.0535000000018,-379.7012999999861
181,-284.0535000000018,-379.7012999999861
182,-284.0535000000018,-379.7012999999861
183,-284.0535000000018,-379.7012999999861
184,-284.0535000000018,-379.7012999999861
185,-284.0535000000018,-379.7012999999861
186,-284.0535000000018,-379.7012999999861
187,-284.0535000000018,-379.7012999999861
188,-284.0535000000018,-379.7012999999861
189,347.15260000000126,511.9400000000023
190,347.15260000000126,511.9400000000023
191,347.15260000000126,511.9400000000023
192,347.15260000000126,511.9400000000023
193,347.15260000000126,511.9400000000023
194,347.15260000000126,511.9400000000023
195,347.15260000000126,511.9400000000023
196,347.15260000000126,511.9400000000023
197,347.15260000000126,511.9400000000023
198,347.15260000000126,511.9400000000023
199,375.0874000000149,823.5116000000198
200,375.0874000000149,823.5116000000198
201,375.0874000000149,823.5116000000198
202,375.0874000000149,823.5116000000198
203,375.0874000000149,823.5116000000198
204,375.0874000000149,823.5116000000198
1,375.0874000000149,823.5116000000198
2,375.0874000000149,823.5116000000198
3,375.0874000000149,823.5116000000198
4,375.0874000000149,823.5116000000198
5,1707.6690999999628,5901.048400000018
6,1707.6690999999628,5901.048400000018
7,1707.6690999999628,5901.048400000018
8,1707.6690999999628,5901.048400000018
9,1707.6690999999628,5901.048400000018
10,1707.6690999999628,5901.048400000018
11,1707.6690999999628,5901.048400000018
12,1707.6690999999628,5901.048400000018
13,1707.6690999999628,5901.048400000018
14,1707.6690999999628,5901.048400000018
15,2255.0051999999705,3317.261999999959
16,2255.0051999999705,3317.261999999959
17,2255.0051999999705,3317.261999999959
18,2255.0051999999705,3317.261999999959
19,2255.0051999999705,3317.261999999959
20,2255.0051999999705,3317.261999999959
21,2255.0051999999705,3317.261999999959
22,2255.0051999999705,3317.261999999959
23,2255.0051999999705,3317.261999999959
24,2255.0051999999705,3317.261999999959
25,-1005.0437000000529,1895.8471999999892
26,-1005.0437000000529,1895.8471999999892
27,-1005.0437000000529,1895.8471999999892
28,-1005.0437000000529,1895.8471999999892
29,-1005.0437000000529,1895.8471999999892
30,-1005.0437000000529,1895.8471999999892
31,-1005.0437000000529,1895.8471999999892
32,-1005.0437000000529,1895.8471999999892
33,-1005.0437000000529,1895.8471999999892
34,-1005.0437000000529,1895.8471999999892
35,-678.8616000000329,293.2234000000608
36,-678.8616000000329,293.2234000000608
37,-678.8616000000329,293.2234000000608
38,-678.8616000000329,293.2234000000608
39,-678.8616000000329,293.2234000000608
40,-678.8616000000329,293.2234000000608
41,-678.8616000000329,293.2234000000608
42,-678.8616000000329,293.2234000000608
43,-678.8616000000329,293.2234000000608
44,-678.8616000000329,293.2234000000608
45,-403.86369999989984,-670.8078000001115
46,-403.86369999989984,-670.8078000001115
47,-403.86369999989984,-670.8078000001115
48,-403.86369999989984,-670.8078000001115
49,-403.86369999989984,-670.8078000001115
50,-403.86369999989984,-670.8078000001115
51,-403.86369999989984,-670.8078000001115
52,-403.86369999989984,-670.8078000001115
53,-403.86369999989984,-670.8078000001115
54,-403.86369999989984,-670.8078000001115
55,-336.7728000001007,-898.2177000000374
56,-336.7728000001007,-898.2177000000374
57,-336.7728000001007,-898.2177000000374
58,-336.7728000001007,-898.2177000000374
59,-336.7728000001007,-898.2177000000374
60,-336.7728000001007,-898.2177000000374
61,-336.7728000001007,-898.2177000000374
62,-336.7728000001007,-898.2177000000374
63,-336.7728000001007,-898.2177000000374
64,-336.7728000001007,-898.2177000000374
65,1298.422799999993,371.5218999999888
66,1298.422799999993,371.5218999999888
67,1298.422799999993,371.5218999999888
68,1298.422799999993,371.5218999999888
69,1298.422799999993,371.5218999999888
70,1298.422799999993,371.5218999999888
71,1298.422799999993,371.5218999999888
72,1298.422799999993,371.5218999999888
73,1298.422799999993,371.5218999999888
74,1298.422799999993,371.5218999999888
75,342.480899999955,1204.1747999999789
76,342.480899999955,1204.1747999999789
77,342.480899999955,1204.1747999999789
78,342.480899999955,1204.1747999999789
79,342.480899999955,1204.1747999999789
80,342.480899999955,1204.1747999999789
81,342.480899999955,1204.1747999999789
82,342.480899999955,1204.1747999999789
83,342.480899999955,1204.1747999999789
84,342.480899999955,1204.1747999999789
85,1022.9889000000476,-931.6224000000293
86,1022.9889000000476,-931.6224000000293
87,1022.9889000000476,-931.6224000000293
88,1022.9889000000476,-931.6224000000293
89,1022.9889000000476,-931.6224000000293
90,1022.9889000000476,-931.6224000000293
91,1022.9889000000476,-931.6224000000293
92,1022.9889000000476,-931.6224000000293
93,1022.9889000000476,-931.6224000000293
94,1022.9889000000476,-931.6224000000293
95,1170.0838000000367,799.6768000000302
96,1170.0838000000367,799.6768000000302
97,1170.0838000000367,799.6768000000302
98,1170.0838000000367,799.6768000000302
99,1170.0838000000367,799.6768000000302
100,1170.0838000000367,799.6768000000302
101,1170.0838000000367,799.6768000000302
102,1170.0838000000367,799.6768000000302
103,1170.0838000000367,799.6768000000302
104,1170.0838000000367,799.6768000000302
105,-128.47749999997905,-1969.8531999999977
106,-128.47749999997905,-1969.8531999999977
107,-128.47749999997905,-1969.8531999999977
108,-128.47749999997905,-1969.8531999999977
109,-128.47749999997905,-1969.8531999999977
110,-128.47749999997905,-1969.8531999999977
111,-128.47749999997905,-1969.8531999999977
112,-128.47749999997905,-1969.8531999999977
113,-128.47749999997905,-1969.8531999999977
114,-128.47749999997905,-1969.8531999999977
115,-620.9704000000929,1071.263300000006
116,-620.9704000000929,1071.263300000006
117,-620.9704000000929,1071.263300000006
118,-620.9704000000929,1071.263300000006
119,-620.9704000000929,1071.263300000006
120,-620.9704000000929,1071.263300000006
121,-620.9704000000929,1071.263300000006
122,-620.9704000000929,1071.263300000006
123,-620.9704000000929,1071.263300000006
124,-620.9704000000929,1071.263300000006
125,-652.7403999999078,-133.25210000001243
126,-652.7403999999078,-133.25210000001243
127,-652.7403999999078,-133.25210000001243
128,-652.7403999999078,-133.25210000001243
129,-652.7403999999078,-133.25210000001243
130,-652.7403999999078,-133.25210000001243
131,-652.7403999999078,-133.25210000001243
132,-652.7403999999078,-133.25210000001243
133,-652.7403999999078,-133.25210000001243
134,-652.7403999999078,-133.25210000001243
135,-1094.0846000000456,1857.8911999999982
136,-1094.0846000000456,1857.8911999999982
137,-1094.0846000000456,1857.8911999999982
138,-1094.0846000000456,1857.8911999999982
139,-1094.0846000000456,1857.8911999999982
140,-1094.0846000000456,1857.8911999999982
141,-1094.0846000000456,1857.8911999999982
142,-1094.0846000000456,1857.8911999999982
143,-1094.0846000000456,1857.8911999999982
144,-1094.0846000000456,1857.8911999999982
145,-1753.4236000001256,-9329.368799999997
146,-1753.4236000001256,-9329.368799999997
147,-1753.4236000001256,-9329.368799999997
148,-1753.4236000001256,-9329.368799999997
149,-1753.4236000001256,-9329.368799999997
150,-1753.4236000001256,-9329.368799999997
151,-1753.4236000001256,-9329.368799999997
152,-1753.4236000001256,-9329.368799999997
153,-1753.4236000001256,-9329.368799999997
154,-1753.4236000001256,-9329.368799999997
155,113.32289999994828,-383.41999999999825
156,113.32289999994828,-383.41999999999825
157,113.32289999994828,-383.41999999999825
158,113.32289999994828,-383.41999999999825
159,113.32289999994828,-383.41999999999825
160,113.32289999994828,-383.41999999999825
161,113.32289999994828,-383.41999999999825
162,113.32289999994828,-383.41999999999825
163,113.32289999994828,-383.41999999999825
164,113.32289999994828,-383.41999999999825
165,-371.7381000000605,-389.79000000000815
166,-371.7381000000605,-389.79000000000815
167,-371.7381000000605,-389.79000000000815
168,-371.7381000000605,-389.79000000000815
169,-371.7381000000605,-389.79000000000815
170,-371.7381000000605,-389.79000000000815
171,-371.7381000000605,-389.79000000000815
172,-371.7381000000605,-389.79000000000815
173,-371.7381000000605,-389.79000000000815
174,-371.7381000000605,-389.79000000000815
175,-685.2045999998809,-7357.559999999998
176,-685.2045999998809,-7357.559999999998
177,-685.2045999998809,-7357.559999999998
178,-685.2045999998809,-7357.559999999998
179,-685.2045999998809,-7357.559999999998
180,-685.2045999998809,-7357.559999999998
181,-685.2045999998809,-7357.559999999998
182,-685.2045999998809,-7357.559999999998
183,-685.2045999998809,-7357.559999999998
184,-685.2045999998809,-7357.559999999998
185,1767.243699999999,4346.925799999997
186,1767.243699999999,4346.925799999997
187,1767.243699999999,4346.925799999997
188,1767.243699999999,4346.925799999997
189,1767.243699999999,4346.925799999997
190,1767.243699999999,4346.925799999997
191,1767.243699999999,4346.925799999997
192,1767.243699999999,4346.925799999997
193,1767.243699999999,4346.925799999997
194,1767.243699999999,4346.925799999997
195,745.3142000000007,-18989.141700000007
196,745.3142000000007,-18989.141700000007
197,745.3142000000007,-18989.141700000007
198,745.3142000000007,-18989.141700000007
199,745.3142000000007,-18989.141700000007
200,745.3142000000007,-18989.141700000007
201,745.3142000000007,-18989.141700000007
202,745.3142000000007,-18989.141700000007
203,745.3142000000007,-18989.141700000007
204,745.3142000000007,-18989.141700000007
1,862.4225999999908,7850.207300000009
2,862.4225999999908,7850.207300000009
3,862.4225999999908,7850.207300000009
4,862.4225999999908,7850.207300000009
5,862.4225999999908,7850.207300000009
6,862.4225999999908,7850.207300000009
7,862.4225999999908,7850.207300000009
8,862.4225999999908,7850.207300000009
9,862.4225999999908,7850.207300000009
10,862.4225999999908,7850.207300000009
11,-1266.501499999984,-6787.6728999999905
12,-1266.501499999984,-6787.6728999999905
13,-1266.501499999984,-6787.6728999999905
14,-1266.501499999984,-6787.6728999999905
15,-1266.501499999984,-6787.6728999999905
16,-1266.501499999984,-6787.6728999999905
17,-1266.501499999984,-6787.6728999999905
18,-1266.501499999984,-6787.6728999999905
19,-1266.501499999984,-6787.6728999999905
20,-1266.501499999984,-6787.6728999999905
21,1867.494700000032,880.1006000000198
22,1867.494700000032,880.1006000000198
23,1867.494700000032,880.1006000000198
24,1867.494700000032,880.1006000000198
25,1867.494700000032,880.1006000000198
26,1867.494700000032,880.1006000000198
27,1867.494700000032,880.1006000000198
28,1867.494700000032,880.1006000000198
29,1867.494700000032,880.1006000000198
30,1867.494700000032,880.1006000000198
31,6924.244500000019,2961.2863000000652
32,6924.244500000019,2961.2863000000652
33,6924.244500000019,2961.2863000000652
34,6924.244500000019,2961.2863000000652
35,6924.244500000019,2961.2863000000652
36,6924.244500000019,2961.2863000000652
37,6924.244500000019,2961.2863000000652
38,6924.244500000019,2961.2863000000652
39,6924.244500000019,2961.2863000000652
40,6924.244500000019,2961.2863000000652
41,1544.1233999999095,546.766200000071
42,1544.1233999999095,546.766200000071
43,1544.1233999999095,546.766200000071
44,1544.1233999999095,546.766200000071
45,1544.1233999999095,546.766200000071
46,1544.1233999999095,546.766200000071
47,1544.1233999999095,546.766200000071
48,1544.1233999999095,546.766200000071
49,1544.1233999999095,546.766200000071
50,1544.1233999999095,546.766200000071
51,178.929099999943,-466.8580999999831
52,178.929099999943,-466.8580999999831
53,178.929099999943,-466.8580999999831
54,178.929099999943,-466.8580999999831
55,178.929099999943,-466.8580999999831
56,178.929099999943,-466.8580999999831
57,178.929099999943,-466.8580999999831
58,178.929099999943,-466.8580999999831
59,178.929099999943,-466.8580999999831
60,178.929099999943,-466.8580999999831
61,445.4858999999633,-337.61570000002393
62,445.4858999999633,-337.61570000002393
63,445.4858999999633,-337.61570000002393
64,445.4858999999633,-337.61570000002393
65,445.4858999999633,-337.61570000002393
66,445.4858999999633,-337.61570000002393
67,445.4858999999633,-337.61570000002393
68,445.4858999999633,-337.61570000002393
69,445.4858999999633,-337.61570000002393
70,445.4858999999633,-337.61570000002393
71,473.60910000007425,162.8739999998943
72,473.60910000007425,162.8739999998943
73,473.60910000007425,162.8739999998943
74,473.60910000007425,162.8739999998943
75,473.60910000007425,162.8739999998943
76,473.60910000007425,162.8739999998943
77,473.60910000007425,162.8739999998943
78,473.60910000007425,162.8739999998943
79,473.60910000007425,162.8739999998943
80,473.60910000007425,162.8739999998943
81,1751.3828000000285,7519.4649999999965
82,1751.3828000000285,7519.4649999999965
83,1751.3828000000285,7519.4649999999965
84,1751.3828000000285,7519.4649999999965
85,1751.3828000000285,7519.4649999999965
86,1751.3828000000285,7519.4649999999965
87,1751.3828000000285,7519.4649999999965
88,1751.3828000000285,7519.4649999999965
89,1751.3828000000285,7519.4649999999965
90,1751.3828000000285,7519.4649999999965
91,-1133.1201000000146,-3499.829999999987
92,-1133.1201000000146,-3499.829999999987
93,-1133.1201000000146,-3499.829999999987
94,-1133.1201000000146,-3499.829999999987
95,-1133.1201000000146,-3499.829999999987
96,-1133.1201000000146,-3499.829999999987
97,-1133.1201000000146,-3499.829999999987
98,-1133.1201000000146,-3499.829999999987
99,-1133.1201000000146,-3499.829999999987
100,-1133.1201000000146,-3499.829999999987
101,-1203.681099999958,-1260.6000000000058
102,-1203.681099999958,-1260.6000000000058
103,-1203.681099999958,-1260.6000000000058
104,-1203.681099999958,-1260.6000000000058
105,-1203.681099999958,-1260.6000000000058
106,-1203.681099999958,-1260.6000000000058
107,-1203.681099999958,-1260.6000000000058
108,-1203.681099999958,-1260.6000000000058
109,-1203.681099999958,-1260.6000000000058
110,-1203.681099999958,-1260.6000000000058
111,-1947.1475000000792,-3469.470000000001
112,-1947.1475000000792,-3469.470000000001
113,-1947.1475000000792,-3469.470000000001
114,-1947.1475000000792,-3469.470000000001
115,-1947.1475000000792,-3469.470000000001
116,-1947.1475000000792,-3469.470000000001
117,-1947.1475000000792,-3469.470000000001
118,-1947.1475000000792,-3469.470000000001
119,-1947.1475000000792,-3469.470000000001
120,-1947.1475000000792,-3469.470000000001
121,132.51589999994758,-252.55999999999767
122,132.51589999994758,-252.55999999999767
123,132.51589999994758,-252.55999999999767
124,132.51589999994758,-252.55999999999767
125,132.51589999994758,-252.55999999999767
126,132.51589999994758,-252.55999999999767
127,132.51589999994758,-252.55999999999767
128,132.51589999994758,-252.55999999999767
129,132.51589999994758,-252.55999999999767
130,132.51589999994758,-252.55999999999767
131,726.1552000000374,4827.4100000000035
132,726.1552000000374,4827.4100000000035
133,726.1552000000374,4827.4100000000035
134,726.1552000000374,4827.4100000000035
135,726.1552000000374,4827.4100000000035
136,726.1552000000374,4827.4100000000035
137,726.1552000000374,4827.4100000000035
138,726.1552000000374,4827.4100000000035
139,726.1552000000374,4827.4100000000035
140,726.1552000000374,4827.4100000000035
141,-710.8070000000662,4586.778800000044
142,-710.8070000000662,4586.778800000044
143,-710.8070000000662,4586.778800000044
144,-710.8070000000662,4586.778800000044
145,-710.8070000000662,4586.778800000044
146,-710.8070000000662,4586.778800000044
147,-710.8070000000662,4586.778800000044
148,-710.8070000000662,4586.778800000044
149,-710.8070000000662,4586.778800000044
150,-710.8070000000662,4586.778800000044
151,465.68860000004497,1986.8682999999874
152,465.68860000004497,1986.8682999999874
153,465.68860000004497,1986.8682999999874
154,465.68860000004497,1986.8682999999874
155,465.68860000004497,1986.8682999999874
156,465.68860000004497,1986.8682999999874
157,465.68860000004497,1986.8682999999874
158,465.68860000004497,1986.8682999999874
159,465.68860000004497,1986.8682999999874
160,465.68860000004497,1986.8682999999874
161,-1263.9965000000593,3393.0683999999746
162,-1263.9965000000593,3393.0683999999746
163,-1263.9965000000593,3393.0683999999746
164,-1263.9965000000593,3393.0683999999746
165,-1263.9965000000593,3393.0683999999746
166,-1263.9965000000593,3393.0683999999746
167,-1263.9965000000593,3393.0683999999746
168,-1263.9965000000593,3393.0683999999746
169,-1263.9965000000593,3393.0683999999746
170,-1263.9965000000593,3393.0683999999746
171,98.73260000007576,1428.1523999998462
172,98.73260000007576,1428.1523999998462
173,98.73260000007576,1428.1523999998462
174,98.73260000007576,1428.1523999998462
175,98.73260000007576,1428.1523999998462
176,98.73260000007576,1428.1523999998462
177,98.73260000007576,1428.1523999998462
178,98.73260000007576,1428.1523999998462
179,98.73260000007576,1428.1523999998462
180,98.73260000007576,1428.1523999998462
181,374.06950000009965,2169.719499999992
182,374.06950000009965,2169.719499999992
183,374.06950000009965,2169.719499999992
184,374.06950000009965,2169.719499999992
185,374.06950000009965,2169.719499999992
186,374.06950000009965,2169.719499999992
187,374.06950000009965,2169.719499999992
188,374.06950000009965,2169.719499999992
189,374.06950000009965,2169.719499999992
190,374.06950000009965,2169.719499999992
191,237.5648999999612,-1300.893299999996
192,237.5648999999612,-1300.893299999996
193,237.5648999999612,-1300.893299999996
194,237.5648999999612,-1300.893299999996
195,237.5648999999612,-1300.893299999996
196,237.5648999999612,-1300.893299999996
197,237.5648999999612,-1300.893299999996
198,237.5648999999612,-1300.893299999996
199,237.5648999999612,-1300.893299999996
200,237.5648999999612,-1300.893299999996
201,2586.1266000000323,8518.167499999996
202,2586.1266000000323,8518.167499999996
203,2586.1266000000323,8518.167499999996
204,2586.1266000000323,8518.167499999996
1,2586.1266000000323,8518.167499999996
2,2586.1266000000323,8518.167499999996
3,2586.1266000000323,8518.167499999996
4,2586.1266000000323,8518.167499999996
5,2586.1266000000323,8518.167499999996
6,2586.1266000000323,8518.167499999996
7,204.8979000000836,-7047.152000000016
8,204.8979000000836,-7047.152000000016
9,204.8979000000836,-7047.152000000016
10,204.8979000000836,-7047.152000000016
11,204.8979000000836,-7047.152000000016
12,204.8979000000836,-7047.152000000016
13,204.8979000000836,-7047.152000000016
14,204.8979000000836,-7047.152000000016
15,204.8979000000836,-7047.152000000016
16,204.8979000000836,-7047.152000000016
17,6034.72770000001,10638.75439999999
18,6034.72770000001,10638.75439999999
19,6034.72770000001,10638.75439999999
20,6034.72770000001,10638.75439999999
21,6034.72770000001,10638.75439999999
22,6034.72770000001,10638.75439999999
23,6034.72770000001,10638.75439999999
24,6034.72770000001,10638.75439999999
25,6034.72770000001,10638.75439999999
26,6034.72770000001,10638.75439999999
27,-405.355899999915,-1024.1294999999955
28,-405.355899999915,-1024.1294999999955
29,-405.355899999915,-1024.1294999999955
30,-405.355899999915,-1024.1294999999955
31,-405.355899999915,-1024.1294999999955
32,-405.355899999915,-1024.1294999999955
33,-405.355899999915,-1024.1294999999955
34,-405.355899999915,-1024.1294999999955
35,-405.355899999915,-1024.1294999999955
36,-405.355899999915,-1024.1294999999955
37,736.8146000000343,1984.267799999987
38,736.8146000000343,1984.267799999987
39,736.8146000000343,1984.267799999987
40,736.8146000000343,1984.267799999987
41,736.8146000000343,1984.267799999987
42,736.8146000000343,1984.267799999987
43,736.8146000000343,1984.267799999987
44,736.8146000000343,1984.267799999987
45,736.8146000000343,1984.267799999987
46,736.8146000000343,1984.267799999987
47,322.77700000009645,-4568.117100000003
48,322.77700000009645,-4568.117100000003
49,322.77700000009645,-4568.117100000003
50,322.77700000009645,-4568.117100000003
51,322.77700000009645,-4568.117100000003
52,322.77700000009645,-4568.117100000003
53,322.77700000009645,-4568.117100000003
54,322.77700000009645,-4568.117100000003
55,322.77700000009645,-4568.117100000003
56,322.77700000009645,-4568.117100000003
57,-1726.1908000000549,-5301.720399999991
58,-1726.1908000000549,-5301.720399999991
59,-1726.1908000000549,-5301.720399999991
60,-1726.1908000000549,-5301.720399999991
61,-1726.1908000000549,-5301.720399999991
62,-1726.1908000000549,-5301.720399999991
63,-1726.1908000000549,-5301.720399999991
64,-1726.1908000000549,-5301.720399999991
65,-1726.1908000000549,-5301.720399999991
66,-1726.1908000000549,-5301.720399999991
67,351.9834000001065,962.3842999999906
68,351.9834000001065,962.3842999999906
69,351.9834000001065,962.3842999999906
70,351.9834000001065,962.3842999999906
71,351.9834000001065,962.3842999999906
72,351.9834000001065,962.3842999999906
73,351.9834000001065,962.3842999999906
74,351.9834000001065,962.3842999999906
75,351.9834000001065,962.3842999999906
76,351.9834000001065,962.3842999999906
77,1651.4534000000276,13878.89
78,1651.4534000000276,13878.89
79,1651.4534000000276,13878.89
80,1651.4534000000276,13878.89
81,1651.4534000000276,13878.89
82,1651.4534000000276,13878.89
83,1651.4534000000276,13878.89
84,1651.4534000000276,13878.89
85,1651.4534000000276,13878.89
86,1651.4534000000276,13878.89
87,-529.9117000000551,-1544.3014000000258
88,-529.9117000000551,-1544.3014000000258
89,-529.9117000000551,-1544.3014000000258
90,-529.9117000000551,-1544.3014000000258
91,-529.9117000000551,-1544.3014000000258
92,-529.9117000000551,-1544.3014000000258
93,-529.9117000000551,-1544.3014000000258
94,-529.9117000000551,-1544.3014000000258
95,-529.9117000000551,-1544.3014000000258
96,-529.9117000000551,-1544.3014000000258
97,-2923.90909999999,-2736.821200000042
98,-2923.90909999999,-2736.821200000042
99,-2923.90909999999,-2736.821200000042
100,-2923.90909999999,-2736.821200000042
101,-2923.90909999999,-2736.821200000042
102,-2923.90909999999,-2736.821200000042
103,-2923.90909999999,-2736.821200000042
104,-2923.90909999999,-2736.821200000042
105,-2923.90909999999,-2736.821200000042
106,-2923.90909999999,-2736.821200000042
107,506.8202000000092,-350.6947000000364
108,506.8202000000092,-350.6947000000364
109,506.8202000000092,-350.6947000000364
110,506.8202000000092,-350.6947000000364
111,506.8202000000092,-350.6947000000364
112,506.8202000000092,-350.6947000000364
113,506.8202000000092,-350.6947000000364
114,506.8202000000092,-350.6947000000364
115,506.8202000000092,-350.6947000000364
116,506.8202000000092,-350.6947000000364
117,-337.0233999999691,756.3828999998805
118,-337.0233999999691,756.3828999998805
119,-337.0233999999691,756.3828999998805
120,-337.0233999999691,756.3828999998805
121,-337.0233999999691,756.3828999998805
122,-337.0233999999691,756.3828999998805
123,-337.0233999999691,756.3828999998805
124,-337.0233999999691,756.3828999998805
125,-337.0233999999691,756.3828999998805
126,-337.0233999999691,756.3828999998805
127,2090.269299999978,259.1482999999571
128,2090.269299999978,259.1482999999571
129,2090.269299999978,259.1482999999571
130,2090.269299999978,259.1482999999571
131,2090.269299999978,259.1482999999571
132,2090.269299999978,259.1482999999571
133,2090.269299999978,259.1482999999571
134,2090.269299999978,259.1482999999571
135,2090.269299999978,259.1482999999571
136,2090.269299999978,259.1482999999571
137,128.98280000001978,-474.7240000001184
138,128.98280000001978,-474.7240000001184
139,128.98280000001978,-474.7240000001184
140,128.98280000001978,-474.7240000001184
141,128.98280000001978,-474.7240000001184
142,128.98280000001978,-474.7240000001184
143,128.98280000001978,-474.7240000001184
144,128.98280000001978,-474.7240000001184
145,128.98280000001978,-474.7240000001184
146,128.98280000001978,-474.7240000001184
147,2246.61050000001,6554.680000000022
148,2246.61050000001,6554.680000000022
149,2246.61050000001,6554.680000000022
150,2246.61050000001,6554.680000000022
151,2246.61050000001,6554.680000000022
152,2246.61050000001,6554.680000000022
153,2246.61050000001,6554.680000000022
154,2246.61050000001,6554.680000000022
155,2246.61050000001,6554.680000000022
156,2246.61050000001,6554.680000000022
157,-216.51570000006177,-342.0702999999776
158,-216.51570000006177,-342.0702999999776
159,-216.51570000006177,-342.0702999999776
160,-216.51570000006177,-342.0702999999776
161,-216.51570000006177,-342.0702999999776
162,-216.51570000006177,-342.0702999999776
163,-216.51570000006177,-342.0702999999776
164,-216.51570000006177,-342.0702999999776
165,-216.51570000006177,-342.0702999999776
166,-216.51570000006177,-342.0702999999776
167,-1608.582199999939,-2104.2068999999537
168,-1608.582199999939,-2104.2068999999537
169,-1608.582199999939,-2104.2068999999537
170,-1608.582199999939,-2104.2068999999537
171,-1608.582199999939,-2104.2068999999537
172,-1608.582199999939,-2104.2068999999537
173,-1608.582199999939,-2104.2068999999537
174,-1608.582199999939,-2104.2068999999537
175,-1608.582199999939,-2104.2068999999537
176,-1608.582199999939,-2104.2068999999537
177,-1739.163900000014,1384.5034000000378
178,-1739.163900000014,1384.5034000000378
179,-1739.163900000014,1384.5034000000378
180,-1739.163900000014,1384.5034000000378
181,-1739.163900000014,1384.5034000000378
182,-1739.163900000014,1384.5034000000378
183,-1739.163900000014,1384.5034000000378
184,-1739.163900000014,1384.5034000000378
185,-1739.163900000014,1384.5034000000378
186,-1739.163900000014,1384.5034000000378
187,-532.2859000000099,981.1091999999189
188,-532.2859000000099,981.1091999999189
189,-532.2859000000099,981.1091999999189
190,-532.2859000000099,981.1091999999189
191,-532.2859000000099,981.1091999999189
192,-532.2859000000099,981.1091999999189
193,-532.2859000000099,981.1091999999189
194,-532.2859000000099,981.1091999999189
195,-532.2859000000099,981.1091999999189
196,-532.2859000000099,981.1091999999189
197,374.13679999996384,-812.0869000000966
198,374.13679999996384,-812.0869000000966
199,374.13679999996384,-812.0869000000966
200,374.13679999996384,-812.0869000000966
201,374.13679999996384,-812.0869000000966
202,374.13679999996384,-812.0869000000966
203,374.13679999996384,-812.0869000000966
204,374.13679999996384,-812.0869000000966
1,374.13679999996384,-812.0869000000966
2,374.13679999996384,-812.0869000000966
3,-1014.0551999999152,-1822.337400000135
4,-1014.0551999999152,-1822.337400000135
5,-1014.0551999999152,-1822.337400000135
6,-1014.0551999999152,-1822.337400000135
7,-1014.0551999999152,-1822.337400000135
8,-1014.0551999999152,-1822.337400000135
9,-1014.0551999999152,-1822.337400000135
10,-1014.0551999999152,-1822.337400000135
11,-1014.0551999999152,-1822.337400000135
12,-1014.0551999999152,-1822.337400000135
13,955.179000000011,86.61370000004536
14,955.179000000011,86.61370000004536
15,955.179000000011,86.61370000004536
16,955.179000000011,86.61370000004536
17,955.179000000011,86.61370000004536
18,955.179000000011,86.61370000004536
19,955.179000000011,86.61370000004536
20,955.179000000011,86.61370000004536
21,955.179000000011,86.61370000004536
22,955.179000000011,86.61370000004536
23,601.6448999999338,719.6494999999413
24,601.6448999999338,719.6494999999413
25,601.6448999999338,719.6494999999413
26,601.6448999999338,719.6494999999413
27,601.6448999999338,719.6494999999413
28,601.6448999999338,719.6494999999413
29,601.6448999999338,719.6494999999413
30,601.6448999999338,719.6494999999413
31,601.6448999999338,719.6494999999413
32,601.6448999999338,719.6494999999413
33,2219.7234000000244,1266.36109999998
34,2219.7234000000244,1266.36109999998
35,2219.7234000000244,1266.36109999998
36,2219.7234000000244,1266.36109999998
37,2219.7234000000244,1266.36109999998
38,2219.7234000000244,1266.36109999998
39,2219.7234000000244,1266.36109999998
40,2219.7234000000244,1266.36109999998
41,2219.7234000000244,1266.36109999998
42,2219.7234000000244,1266.36109999998
43,1175.5889000000607,-625.5901000000013
44,1175.5889000000607,-625.5901000000013
45,1175.5889000000607,-625.5901000000013
46,1175.5889000000607,-625.5901000000013
47,1175.5889000000607,-625.5901000000013
48,1175.5889000000607,-625.5901000000013
49,1175.5889000000607,-625.5901000000013
50,1175.5889000000607,-625.5901000000013
51,1175.5889000000607,-625.5901000000013
52,1175.5889000000607,-625.5901000000013
53,501.47469999996974,1561.0329000000784
54,501.47469999996974,1561.0329000000784
55,501.47469999996974,1561.0329000000784
56,501.47469999996974,1561.0329000000784
57,501.47469999996974,1561.0329000000784
58,501.47469999996974,1561.0329000000784
59,501.47469999996974,1561.0329000000784
60,501.47469999996974,1561.0329000000784
61,501.47469999996974,1561.0329000000784
62,501.47469999996974,1561.0329000000784
63,336.41609999995126,1551.9782999999516
64,336.41609999995126,1551.9782999999516
65,336.41609999995126,1551.9782999999516
66,336.41609999995126,1551.9782999999516
67,336.41609999995126,1551.9782999999516
68,336.41609999995126,1551.9782999999516
69,336.41609999995126,1551.9782999999516
70,336.41609999995126,1551.9782999999516
71,336.41609999995126,1551.9782999999516
72,336.41609999995126,1551.9782999999516
73,-127.41909999996278,916.9180999999662
74,-127.41909999996278,916.9180999999662
75,-127.41909999996278,916.9180999999662
76,-127.41909999996278,916.9180999999662
77,-127.41909999996278,916.9180999999662
78,-127.41909999996278,916.9180999999662
79,-127.41909999996278,916.9180999999662
80,-127.41909999996278,916.9180999999662
81,-127.41909999996278,916.9180999999662
82,-127.41909999996278,916.9180999999662
83,142.13039999998,625.4396999999299
84,142.13039999998,625.4396999999299
85,142.13039999998,625.4396999999299
86,142.13039999998,625.4396999999299
87,142.13039999998,625.4396999999299
88,142.13039999998,625.4396999999299
89,142.13039999998,625.4396999999299
90,142.13039999998,625.4396999999299
91,142.13039999998,625.4396999999299
92,142.13039999998,625.4396999999299
93,406.51799999992363,1877.7601999998733
94,406.51799999992363,1877.7601999998733
95,406.51799999992363,1877.7601999998733
96,406.51799999992363,1877.7601999998733
97,406.51799999992363,1877.7601999998733
98,406.51799999992363,1877.7601999998733
99,406.51799999992363,1877.7601999998733
100,406.51799999992363,1877.7601999998733
101,406.51799999992363,1877.7601999998733
102,406.51799999992363,1877.7601999998733
103,528.0592000000033,2153.9455999999627
104,528.0592000000033,2153.9455999999627
105,528.0592000000033,2153.9455999999627
106,528.0592000000033,2153.9455999999627
107,528.0592000000033,2153.9455999999627
108,528.0592000000033,2153.9455999999627
109,528.0592000000033,2153.9455999999627
110,528.0592000000033,2153.9455999999627
111,528.0592000000033,2153.9455999999627
112,528.0592000000033,2153.9455999999627
113,372.5794999999489,220.7149000000063
114,372.5794999999489,220.7149000000063
115,372.5794999999489,220.7149000000063
116,372.5794999999489,220.7149000000063
117,372.5794999999489,220.7149000000063
118,372.5794999999489,220.7149000000063
119,372.5794999999489,220.7149000000063
120,372.5794999999489,220.7149000000063
121,372.5794999999489,220.7149000000063
122,372.5794999999489,220.7149000000063
123,375.0385999999053,-549.4997000000003
124,375.0385999999053,-549.4997000000003
125,375.0385999999053,-549.4997000000003
126,375.0385999999053,-549.4997000000003
127,375.0385999999053,-549.4997000000003
128,375.0385999999053,-549.4997000000003
129,375.0385999999053,-549.4997000000003
130,375.0385999999053,-549.4997000000003
131,375.0385999999053,-549.4997000000003
132,375.0385999999053,-549.4997000000003
133,122.86140000000887,-1694.4305000000022
134,122.86140000000887,-1694.4305000000022
135,122.86140000000887,-1694.4305000000022
136,122.86140000000887,-1694.4305000000022
137,122.86140000000887,-1694.4305000000022
138,122.86140000000887,-1694.4305000000022
139,122.86140000000887,-1694.4305000000022
140,122.86140000000887,-1694.4305000000022
141,122.86140000000887,-1694.4305000000022
142,122.86140000000887,-1694.4305000000022
143,169.6585000000632,1613.8300000000017
144,169.6585000000632,1613.8300000000017
145,169.6585000000632,1613.8300000000017
146,169.6585000000632,1613.8300000000017
147,169.6585000000632,1613.8300000000017
148,169.6585000000632,1613.8300000000017
149,169.6585000000632,1613.8300000000017
150,169.6585000000632,1613.8300000000017
151,169.6585000000632,1613.8300000000017
152,169.6585000000632,1613.8300000000017
153,1366.9458999999806,-664.2490999999573
154,1366.9458999999806,-664.2490999999573
155,1366.9458999999806,-664.2490999999573
156,1366.9458999999806,-664.2490999999573
157,1366.9458999999806,-664.2490999999573
158,1366.9458999999806,-664.2490999999573
159,1366.9458999999806,-664.2490999999573
160,1366.9458999999806,-664.2490999999573
161,1366.9458999999806,-664.2490999999573
162,1366.9458999999806,-664.2490999999573
163,1899.6397999999754,3020.901399999937
164,1899.6397999999754,3020.901399999937
165,1899.6397999999754,3020.901399999937
166,1899.6397999999754,3020.901399999937
167,1899.6397999999754,3020.901399999937
168,1899.6397999999754,3020.901399999937
169,1899.6397999999754,3020.901399999937
170,1899.6397999999754,3020.901399999937
171,1899.6397999999754,3020.901399999937
172,1899.6397999999754,3020.901399999937
173,452.66640000001644,1432.921600000016
174,452.66640000001644,1432.921600000016
175,452.66640000001644,1432.921600000016
176,452.66640000001644,1432.921600000016
177,452.66640000001644,1432.921600000016
178,452.66640000001644,1432.921600000016
179,452.66640000001644,1432.921600000016
180,452.66640000001644,1432.921600000016
181,452.66640000001644,1432.921600000016
182,452.66640000001644,1432.921600000016
183,371.6005999999761,-182.51529999991908
184,371.6005999999761,-182.51529999991908
185,371.6005999999761,-182.51529999991908
186,371.6005999999761,-182.51529999991908
187,371.6005999999761,-182.51529999991908
188,371.6005999999761,-182.51529999991908
189,371.6005999999761,-182.51529999991908
190,371.6005999999761,-182.51529999991908
191,371.6005999999761,-182.51529999991908
192,371.6005999999761,-182.51529999991908
193,441.7714000000342,1579.4525000000503
194,441.7714000000342,1579.4525000000503
195,441.7714000000342,1579.4525000000503
196,441.7714000000342,1579.4525000000503
197,441.7714000000342,1579.4525000000503
198,441.7714000000342,1579.4525000000503
199,441.7714000000342,1579.4525000000503
200,441.7714000000342,1579.4525000000503
201,441.7714000000342,1579.4525000000503
202,441.7714000000342,1579.4525000000503
203,880.8476999999693,2690.283199999976
204,880.8476999999693,2690.283199999976
1,880.8476999999693,2690.283199999976
2,880.8476999999693,2690.283199999976
3,880.8476999999693,2690.283199999976
4,880.8476999999693,2690.283199999976
5,880.8476999999693,2690.283199999976
6,880.8476999999693,2690.283199999976
7,880.8476999999693,2690.283199999976
8,880.8476999999693,2690.283199999976
9,375.27910000005795,1951.3686000000307
10,375.27910000005795,1951.3686000000307
11,375.27910000005795,1951.3686000000307
12,375.27910000005795,1951.3686000000307
13,375.27910000005795,1951.3686000000307
14,375.27910000005795,1951.3686000000307
15,375.27910000005795,1951.3686000000307
16,375.27910000005795,1951.3686000000307
17,375.27910000005795,1951.3686000000307
18,375.27910000005795,1951.3686000000307
19,-25.014599999929487,569.1188000000911
20,-25.014599999929487,569.1188000000911
21,-25.014599999929487,569.1188000000911
22,-25.014599999929487,569.1188000000911
23,-25.014599999929487,569.1188000000911
24,-25.014599999929487,569.1188000000911
25,-25.014599999929487,569.1188000000911
26,-25.014599999929487,569.1188000000911
27,-25.014599999929487,569.1188000000911
28,-25.014599999929487,569.1188000000911
29,324.15690000003815,945.6332999999286
30,324.15690000003815,945.6332999999286
31,324.15690000003815,945.6332999999286
32,324.15690000003815,945.6332999999286
33,324.15690000003815,945.6332999999286
34,324.15690000003815,945.6332999999286
35,324.15690000003815,945.6332999999286
36,324.15690000003815,945.6332999999286
37,324.15690000003815,945.6332999999286
38,324.15690000003815,945.6332999999286
39,614.8504999999859,-113.60490000006394
40,614.8504999999859,-113.60490000006394
41,614.8504999999859,-113.60490000006394
42,614.8504999999859,-113.60490000006394
43,614.8504999999859,-113.60490000006394
44,614.8504999999859,-113.60490000006394
45,614.8504999999859,-113.60490000006394
46,614.8504999999859,-113.60490000006394
47,614.8504999999859,-113.60490000006394
48,614.8504999999859,-113.60490000006394
49,-3675.5122999999585,-11451.66439999998
50,-3675.5122999999585,-11451.66439999998
51,-3675.5122999999585,-11451.66439999998
52,-3675.5122999999585,-11451.66439999998
53,-3675.5122999999585,-11451.66439999998
54,-3675.5122999999585,-11451.66439999998
55,-3675.5122999999585,-11451.66439999998
56,-3675.5122999999585,-11451.66439999998
57,-3675.5122999999585,-11451.66439999998
58,-3675.5122999999585,-11451.66439999998
59,-2282.298200000034,-1273.444199999998
60,-2282.298200000034,-1273.444199999998
61,-2282.298200000034,-1273.444199999998
62,-2282.298200000034,-1273.444199999998
63,-2282.298200000034,-1273.444199999998
64,-2282.298200000034,-1273.444199999998
65,-2282.298200000034,-1273.444199999998
66,-2282.298200000034,-1273.444199999998
67,-2282.298200000034,-1273.444199999998
68,-2282.298200000034,-1273.444199999998
69,-5048.4845999999525,-8102.301400000011
70,-5048.4845999999525,-8102.301400000011
71,-5048.4845999999525,-8102.301400000011
72,-5048.4845999999525,-8102.301400000011
73,-5048.4845999999525,-8102.301400000011
74,-5048.4845999999525,-8102.301400000011
75,-5048.4845999999525,-8102.301400000011
76,-5048.4845999999525,-8102.301400000011
77,-5048.4845999999525,-8102.301400000011
78,-5048.4845999999525,-8102.301400000011
79,-3434.601399999927,-2832.32680000001
80,-3434.601399999927,-2832.32680000001
81,-3434.601399999927,-2832.32680000001
82,-3434.601399999927,-2832.32680000001
83,-3434.601399999927,-2832.32680000001
84,-3434.601399999927,-2832.32680000001
85,-3434.601399999927,-2832.32680000001
86,-3434.601399999927,-2832.32680000001
87,-3434.601399999927,-2832.32680000001
88,-3434.601399999927,-2832.32680000001
89,6599.7261999999755,15347.685699999973
90,6599.7261999999755,15347.685699999973
91,6599.7261999999755,15347.685699999973
92,6599.7261999999755,15347.685699999973
93,6599.7261999999755,15347.685699999973
94,6599.7261999999755,15347.685699999973
95,6599.7261999999755,15347.685699999973
96,6599.7261999999755,15347.685699999973
97,6599.7261999999755,15347.685699999973
98,6599.7261999999755,15347.685699999973
99,-1611.5001000000848,-383.6662999998953
100,-1611.5001000000848,-383.6662999998953
101,-1611.5001000000848,-383.6662999998953
102,-1611.5001000000848,-383.6662999998953
103,-1611.5001000000848,-383.6662999998953
104,-1611.5001000000848,-383.6662999998953
105,-1611.5001000000848,-383.6662999998953
106,-1611.5001000000848,-383.6662999998953
107,-1611.5001000000848,-383.6662999998953
108,-1611.5001000000848,-383.6662999998953
109,3359.3278999999966,13451.137299999915
110,3359.3278999999966,13451.137299999915
111,3359.3278999999966,13451.137299999915
112,3359.3278999999966,13451.137299999915
113,3359.3278999999966,13451.137299999915
114,3359.3278999999966,13451.137299999915
115,3359.3278999999966,13451.137299999915
116,3359.3278999999966,13451.137299999915
117,3359.3278999999966,13451.137299999915
118,3359.3278999999966,13451.137299999915
119,-6111.42359999998,-17123.766100000095
120,-6111.42359999998,-17123.766100000095
121,-6111.42359999998,-17123.766100000095
122,-6111.42359999998,-17123.766100000095
123,-6111.42359999998,-17123.766100000095
124,-6111.42359999998,-17123.766100000095
125,-6111.42359999998,-17123.766100000095
126,-6111.42359999998,-17123.766100000095
127,-6111.42359999998,-17123.766100000095
128,-6111.42359999998,-17123.766100000095
129,4908.39819999996,14034.371499999877
130,4908.39819999996,14034.371499999877
131,4908.39819999996,14034.371499999877
132,4908.39819999996,14034.371499999877
133,4908.39819999996,14034.371499999877
134,4908.39819999996,14034.371499999877
135,4908.39819999996,14034.371499999877
136,4908.39819999996,14034.371499999877
137,4908.39819999996,14034.371499999877
138,4908.39819999996,14034.371499999877
139,770.9003000000012,3688.470000000001
140,770.9003000000012,3688.470000000001
141,770.9003000000012,3688.470000000001
142,770.9003000000012,3688.470000000001
143,770.9003000000012,3688.470000000001
144,770.9003000000012,3688.470000000001
145,770.9003000000012,3688.470000000001
146,770.9003000000012,3688.470000000001
147,770.9003000000012,3688.470000000001
148,770.9003000000012,3688.470000000001
149,-3807.2990000000573,-8839.849699999992
150,-3807.2990000000573,-8839.849699999992
151,-3807.2990000000573,-8839.849699999992
152,-3807.2990000000573,-8839.849699999992
153,-3807.2990000000573,-8839.849699999992
154,-3807.2990000000573,-8839.849699999992
155,-3807.2990000000573,-8839.849699999992
156,-3807.2990000000573,-8839.849699999992
157,-3807.2990000000573,-8839.849699999992
158,-3807.2990000000573,-8839.849699999992
159,1036.2607999999527,11156.3848
160,1036.2607999999527,11156.3848
161,1036.2607999999527,11156.3848
162,1036.2607999999527,11156.3848
163,1036.2607999999527,11156.3848
164,1036.2607999999527,11156.3848
165,1036.2607999999527,11156.3848
166,1036.2607999999527,11156.3848
167,1036.2607999999527,11156.3848
168,1036.2607999999527,11156.3848
169,2168.7751000000208,8475.539400000009
170,2168.7751000000208,8475.539400000009
171,2168.7751000000208,8475.539400000009
172,2168.7751000000208,8475.539400000009
173,2168.7751000000208,8475.539400000009
174,2168.7751000000208,8475.539400000009
175,2168.7751000000208,8475.539400000009
176,2168.7751000000208,8475.539400000009
177,2168.7751000000208,8475.539400000009
178,2168.7751000000208,8475.539400000009
179,382.06959999994433,7439.4554000000935
180,382.06959999994433,7439.4554000000935
181,382.06959999994433,7439.4554000000935
182,382.06959999994433,7439.4554000000935
183,382.06959999994433,7439.4554000000935
184,382.06959999994433,7439.4554000000935
185,382.06959999994433,7439.4554000000935
186,382.06959999994433,7439.4554000000935
187,382.06959999994433,7439.4554000000935
188,382.06959999994433,7439.4554000000935
189,-1560.427000000047,-5914.699099999998
190,-1560.427000000047,-5914.699099999998
191,-1560.427000000047,-5914.699099999998
192,-1560.427000000047,-5914.699099999998
193,-1560.427000000047,-5914.699099999998
194,-1560.427000000047,-5914.699099999998
195,-1560.427000000047,-5914.699099999998
196,-1560.427000000047,-5914.699099999998
197,-1560.427000000047,-5914.699099999998
198,-1560.427000000047,-5914.699099999998
199,111.61860000002343,11533.280699999945
200,111.61860000002343,11533.280699999945
201,111.61860000002343,11533.280699999945
202,111.61860000002343,11533.280699999945
203,111.61860000002343,11533.280699999945
204,111.61860000002343,11533.280699999945
1,111.61860000002343,11533.280699999945
2,111.61860000002343,11533.280699999945
3,111.61860000002343,11533.280699999945
4,111.61860000002343,11533.280699999945
5,-848.6712999999727,-16872.546100000036
6,-848.6712999999727,-16872.546100000036
7,-848.6712999999727,-16872.546100000036
8,-848.6712999999727,-16872.546100000036
9,-848.6712999999727,-16872.546100000036
10,-848.6712999999727,-16872.546100000036
11,-848.6712999999727,-16872.546100000036
12,-848.6712999999727,-16872.546100000036
13,-848.6712999999727,-16872.546100000036
14,-848.6712999999727,-16872.546100000036
15,-4289.984800000049,-12960.3358
16,-4289.984800000049,-12960.3358
17,-4289.984800000049,-12960.3358
18,-4289.984800000049,-12960.3358
19,-4289.984800000049,-12960.3358
20,-4289.984800000049,-12960.3358
21,-4289.984800000049,-12960.3358
22,-4289.984800000049,-12960.3358
23,-4289.984800000049,-12960.3358
24,-4289.984800000049,-12960.3358
25,2235.343800000046,3298.9419999999955
26,2235.343800000046,3298.9419999999955
27,2235.343800000046,3298.9419999999955
28,2235.343800000046,3298.9419999999955
29,2235.343800000046,3298.9419999999955
30,2235.343800000046,3298.9419999999955
31,2235.343800000046,3298.9419999999955
32,2235.343800000046,3298.9419999999955
33,2235.343800000046,3298.9419999999955
34,2235.343800000046,3298.9419999999955
35,-631.8798999999999,51.76309999998193
36,-631.8798999999999,51.76309999998193
37,-631.8798999999999,51.76309999998193
38,-631.8798999999999,51.76309999998193
39,-631.8798999999999,51.76309999998193
40,-631.8798999999999,51.76309999998193
41,-631.8798999999999,51.76309999998193
42,-631.8798999999999,51.76309999998193
43,-631.8798999999999,51.76309999998193
44,-631.8798999999999,51.76309999998193
45,1815.7068000000072,3364.06210000001
46,1815.7068000000072,3364.06210000001
47,1815.7068000000072,3364.06210000001
48,1815.7068000000072,3364.06210000001
49,1815.7068000000072,3364.06210000001
50,1815.7068000000072,3364.06210000001
51,1815.7068000000072,3364.06210000001
52,1815.7068000000072,3364.06210000001
53,1815.7068000000072,3364.06210000001
54,1815.7068000000072,3364.06210000001
55,-1273.3815999999206,498.30079999999725
56,-1273.3815999999206,498.30079999999725
57,-1273.3815999999206,498.30079999999725
58,-1273.3815999999206,498.30079999999725
59,-1273.3815999999206,498.30079999999725
60,-1273.3815999999206,498.30079999999725
61,-1273.3815999999206,498.30079999999725
62,-1273.3815999999206,498.30079999999725
63,-1273.3815999999206,498.30079999999725
64,-1273.3815999999206,498.30079999999725
65,106.45360000010987,-827.4723999999987
66,106.45360000010987,-827.4723999999987
67,106.45360000010987,-827.4723999999987
68,106.45360000010987,-827.4723999999987
69,106.45360000010987,-827.4723999999987
70,106.45360000010987,-827.4723999999987
71,106.45360000010987,-827.4723999999987
72,106.45360000010987,-827.4723999999987
73,106.45360000010987,-827.4723999999987
74,106.45360000010987,-827.4723999999987
75,-743.9685999999565,-2975.699999999997
76,-743.9685999999565,-2975.699999999997
77,-743.9685999999565,-2975.699999999997
78,-743.9685999999565,-2975.699999999997
79,-743.9685999999565,-2975.699999999997
80,-743.9685999999565,-2975.699999999997
81,-743.9685999999565,-2975.699999999997
82,-743.9685999999565,-2975.699999999997
83,-743.9685999999565,-2975.699999999997
84,-743.9685999999565,-2975.699999999997
85,480.55799999993906,423.58379999999306
86,480.55799999993906,423.58379999999306
87,480.55799999993906,423.58379999999306
88,480.55799999993906,423.58379999999306
89,480.55799999993906,423.58379999999306
90,480.55799999993906,423.58379999999306
91,480.55799999993906,423.58379999999306
92,480.55799999993906,423.58379999999306
93,480.55799999993906,423.58379999999306
94,480.55799999993906,423.58379999999306
95,113.14519999994809,658.5499999999884
96,113.14519999994809,658.5499999999884
97,113.14519999994809,658.5499999999884
98,113.14519999994809,658.5499999999884
99,113.14519999994809,658.5499999999884
100,113.14519999994809,658.5499999999884
101,113.14519999994809,658.5499999999884
102,113.14519999994809,658.5499999999884
103,113.14519999994809,658.5499999999884
104,113.14519999994809,658.5499999999884
105,114.04170000001614,740.570000000007
106,114.04170000001614,740.570000000007
107,114.04170000001614,740.570000000007
108,114.04170000001614,740.570000000007
109,114.04170000001614,740.570000000007
110,114.04170000001614,740.570000000007
111,114.04170000001614,740.570000000007
112,114.04170000001614,740.570000000007
113,114.04170000001614,740.570000000007
114,114.04170000001614,740.570000000007
115,116.53329999989364,185.61999999999534
116,116.53329999989364,185.61999999999534
117,116.53329999989364,185.61999999999534
118,116.53329999989364,185.61999999999534
119,116.53329999989364,185.61999999999534
120,116.53329999989364,185.61999999999534
121,116.53329999989364,185.61999999999534
122,116.53329999989364,185.61999999999534
123,116.53329999989364,185.61999999999534
124,116.53329999989364,185.61999999999534
125,-300.7179000000615,733.1000000000058
126,-300.7179000000615,733.1000000000058
127,-300.7179000000615,733.1000000000058
128,-300.7179000000615,733.1000000000058
129,-300.7179000000615,733.1000000000058
130,-300.7179000000615,733.1000000000058
131,-300.7179000000615,733.1000000000058
132,-300.7179000000615,733.1000000000058
133,-300.7179000000615,733.1000000000058
134,-300.7179000000615,733.1000000000058
135,-315.11209999996936,39.29000000000815
136,-315.11209999996936,39.29000000000815
137,-315.11209999996936,39.29000000000815
138,-315.11209999996936,39.29000000000815
139,-315.11209999996936,39.29000000000815
140,-315.11209999996936,39.29000000000815
141,-315.11209999996936,39.29000000000815
142,-315.11209999996936,39.29000000000815
143,-315.11209999996936,39.29000000000815
144,-315.11209999996936,39.29000000000815
145,-2740.2760000000344,-5775.493599999987
146,-2740.2760000000344,-5775.493599999987
147,-2740.2760000000344,-5775.493599999987
148,-2740.2760000000344,-5775.493599999987
149,-2740.2760000000344,-5775.493599999987
150,-2740.2760000000344,-5775.493599999987
151,-2740.2760000000344,-5775.493599999987
152,-2740.2760000000344,-5775.493599999987
153,-2740.2760000000344,-5775.493599999987
154,-2740.2760000000344,-5775.493599999987
155,619.3938000000635,-1719.952399999951
156,619.3938000000635,-1719.952399999951
157,619.3938000000635,-1719.952399999951
158,619.3938000000635,-1719.952399999951
159,619.3938000000635,-1719.952399999951
160,619.3938000000635,-1719.952399999951
161,619.3938000000635,-1719.952399999951
162,619.3938000000635,-1719.952399999951
163,619.3938000000635,-1719.952399999951
164,619.3938000000635,-1719.952399999951
165,439.702200000007,-1017.2562999998772
166,439.702200000007,-1017.2562999998772
167,439.702200000007,-1017.2562999998772
168,439.702200000007,-1017.2562999998772
169,439.702200000007,-1017.2562999998772
170,439.702200000007,-1017.2562999998772
171,439.702200000007,-1017.2562999998772
172,439.702200000007,-1017.2562999998772
173,439.702200000007,-1017.2562999998772
174,439.702200000007,-1017.2562999998772
175,1640.3856999999407,1663.4556000000011
176,1640.3856999999407,1663.4556000000011
177,1640.3856999999407,1663.4556000000011
178,1640.3856999999407,1663.4556000000011
179,1640.3856999999407,1663.4556000000011
180,1640.3856999999407,1663.4556000000011
181,1640.3856999999407,1663.4556000000011
182,1640.3856999999407,1663.4556000000011
183,1640.3856999999407,1663.4556000000011
184,1640.3856999999407,1663.4556000000011
185,1889.623099999917,1731.4262999999628
186,1889.623099999917,1731.4262999999628
187,1889.623099999917,1731.4262999999628
188,1889.623099999917,1731.4262999999628
189,1889.623099999917,1731.4262999999628
190,1889.623099999917,1731.4262999999628
191,1889.623099999917,1731.4262999999628
192,1889.623099999917,1731.4262999999628
193,1889.623099999917,1731.4262999999628
194,1889.623099999917,1731.4262999999628
195,-5077.90629999993,-7196.545199999993
196,-5077.90629999993,-7196.545199999993
197,-5077.90629999993,-7196.545199999993
198,-5077.90629999993,-7196.545199999993
199,-5077.90629999993,-7196.545199999993
200,-5077.90629999993,-7196.545199999993
201,-5077.90629999993,-7196.545199999993
202,-5077.90629999993,-7196.545199999993
203,-5077.90629999993,-7196.545199999993
204,-5077.90629999993,-7196.545199999993
